xworm_RF,xwormCOI_041F,xwormCOI_003R,TTCGGCACAGGAG,GCCGGGATAGGTTGAACYTT,GTAGCCTATGGCG,TGAAAATGRGCAATCACAAA
xworm_HL,xwormCOI_042F,xwormCOI_003R,AGACTCGATTGAG,GCCGGGATAGGTTGAACYTT,GTAGCCTATGGCG,TGAAAATGRGCAATCACAAA
xworm_spd1,xwormCOI_043F,xwormCOI_003R,ATCCTTCTGTTCT,GCCGGGATAGGTTGAACYTT,GTAGCCTATGGCG,TGAAAATGRGCAATCACAAA
xworm_CNlake,xwormCOI_044F,xwormCOI_003R,CGTTACTTAGGTC,GCCGGGATAGGTTGAACYTT,GTAGCCTATGGCG,TGAAAATGRGCAATCACAAA
xworm_LNsdB,xwormCOI_045F,xwormCOI_003R,CTGGTTGGCTATC,GCCGGGATAGGTTGAACYTT,GTAGCCTATGGCG,TGAAAATGRGCAATCACAAA
xworm_NZG,xwormCOI_046F,xwormCOI_003R,GCACCAACGATTG,GCCGGGATAGGTTGAACYTT,GTAGCCTATGGCG,TGAAAATGRGCAATCACAAA
xworm_Youluo,xwormCOI_047F,xwormCOI_003R,TCTTATGCATAAC,GCCGGGATAGGTTGAACYTT,GTAGCCTATGGCG,TGAAAATGRGCAATCACAAA
xworm_Bie,xwormCOI_048F,xwormCOI_003R,TTAGGTGTGGACC,GCCGGGATAGGTTGAACYTT,GTAGCCTATGGCG,TGAAAATGRGCAATCACAAA
xworm_Zp3-A,xwormCOI_049F,xwormCOI_003R,TTCTTCTGGAACA,GCCGGGATAGGTTGAACYTT,GTAGCCTATGGCG,TGAAAATGRGCAATCACAAA
xworm_spd2,xwormCOI_050F,xwormCOI_003R,AGCAAGTGGCTCT,GCCGGGATAGGTTGAACYTT,GTAGCCTATGGCG,TGAAAATGRGCAATCACAAA
xworm_PLzxl,xwormCOI_051F,xwormCOI_003R,TCAAGTCACTAAT,GCCGGGATAGGTTGAACYTT,GTAGCCTATGGCG,TGAAAATGRGCAATCACAAA
xworm_NSB,xwormCOI_052F,xwormCOI_003R,ATGAAGACTACTG,GCCGGGATAGGTTGAACYTT,GTAGCCTATGGCG,TGAAAATGRGCAATCACAAA
xworm_AcL,xwormCOI_053F,xwormCOI_003R,CACCGGTAGAACC,GCCGGGATAGGTTGAACYTT,GTAGCCTATGGCG,TGAAAATGRGCAATCACAAA
ZpDL_RF,ZpDL_001F,ZpDL_001R,ATCCGGTCGGAGA,ATAGTAACCTATATGGTATAGT,GCGACAAGCACCG,TCCCTGATTCTATCATGAATAG
ZpDL_HL,ZpDL_002F,ZpDL_001R,CTGAGGTGATCAG,ATAGTAACCTATATGGTATAGT,GCGACAAGCACCG,TCCCTGATTCTATCATGAATAG
ZpDL_Dapo,ZpDL_003F,ZpDL_001R,AGTGTCCTGCTAG,ATAGTAACCTATATGGTATAGT,GCGACAAGCACCG,TCCCTGATTCTATCATGAATAG
ZpDL_Bie,ZpDL_004F,ZpDL_001R,ATAAGCAATTCGA,ATAGTAACCTATATGGTATAGT,GCGACAAGCACCG,TCCCTGATTCTATCATGAATAG
ZpDL_PLzxl,ZpDL_005F,ZpDL_001R,ATCTAACAGGACC,ATAGTAACCTATATGGTATAGT,GCGACAAGCACCG,TCCCTGATTCTATCATGAATAG
ZpDL_KKK1,ZpDL_006F,ZpDL_001R,CATTATATAGCCA,ATAGTAACCTATATGGTATAGT,GCGACAAGCACCG,TCCCTGATTCTATCATGAATAG
ZpDL_KKK2,ZpDL_007F,ZpDL_001R,CCTGATTACGTAA,ATAGTAACCTATATGGTATAGT,GCGACAAGCACCG,TCCCTGATTCTATCATGAATAG
ZpDL_WXR,ZpDL_008F,ZpDL_001R,CTAATACACACCG,ATAGTAACCTATATGGTATAGT,GCGACAAGCACCG,TCCCTGATTCTATCATGAATAG
ZpDL_GZK,ZpDL_009F,ZpDL_001R,TTATGACCGTTGC,ATAGTAACCTATATGGTATAGT,GCGACAAGCACCG,TCCCTGATTCTATCATGAATAG
ZpDL_LLR,ZpDL_010F,ZpDL_001R,TTCTCGGCCGCAT,ATAGTAACCTATATGGTATAGT,GCGACAAGCACCG,TCCCTGATTCTATCATGAATAG
ZpDL_YTR,ZpDL_011F,ZpDL_001R,TTGGCGGTAAGAA,ATAGTAACCTATATGGTATAGT,GCGACAAGCACCG,TCCCTGATTCTATCATGAATAG
ZpDL_XwR,ZpDL_012F,ZpDL_001R,ACTTGTGCACCTG,ATAGTAACCTATATGGTATAGT,GCGACAAGCACCG,TCCCTGATTCTATCATGAATAG
ZpDL_HkR,ZpDL_001F,ZpDL_002R,ATCCGGTCGGAGA,ATAGTAACCTATATGGTATAGT,GCTCCTACTGCCA,TCCCTGATTCTATCATGAATAG
ZpDL_XkB,ZpDL_002F,ZpDL_002R,CTGAGGTGATCAG,ATAGTAACCTATATGGTATAGT,GCTCCTACTGCCA,TCCCTGATTCTATCATGAATAG
ZpDL_Skbl,ZpDL_003F,ZpDL_002R,AGTGTCCTGCTAG,ATAGTAACCTATATGGTATAGT,GCTCCTACTGCCA,TCCCTGATTCTATCATGAATAG
ZpDL_NpB,ZpDL_004F,ZpDL_002R,ATAAGCAATTCGA,ATAGTAACCTATATGGTATAGT,GCTCCTACTGCCA,TCCCTGATTCTATCATGAATAG
ZpDL_CHR,ZpDL_005F,ZpDL_002R,ATCTAACAGGACC,ATAGTAACCTATATGGTATAGT,GCTCCTACTGCCA,TCCCTGATTCTATCATGAATAG
ZpDL_SGWW,ZpDL_006F,ZpDL_002R,CATTATATAGCCA,ATAGTAACCTATATGGTATAGT,GCTCCTACTGCCA,TCCCTGATTCTATCATGAATAG
ZpDL_SYR165,ZpDL_007F,ZpDL_002R,CCTGATTACGTAA,ATAGTAACCTATATGGTATAGT,GCTCCTACTGCCA,TCCCTGATTCTATCATGAATAG
ZpDL_BbR,ZpDL_008F,ZpDL_002R,CTAATACACACCG,ATAGTAACCTATATGGTATAGT,GCTCCTACTGCCA,TCCCTGATTCTATCATGAATAG
ZpDL_LRhp,ZpDL_009F,ZpDL_002R,TTATGACCGTTGC,ATAGTAACCTATATGGTATAGT,GCTCCTACTGCCA,TCCCTGATTCTATCATGAATAG
ZpDL_GfSP,ZpDL_010F,ZpDL_002R,TTCTCGGCCGCAT,ATAGTAACCTATATGGTATAGT,GCTCCTACTGCCA,TCCCTGATTCTATCATGAATAG
ZpDL_SktR,ZpDL_011F,ZpDL_002R,TTGGCGGTAAGAA,ATAGTAACCTATATGGTATAGT,GCTCCTACTGCCA,TCCCTGATTCTATCATGAATAG
ZpDL_DsXlR,ZpDL_012F,ZpDL_002R,ACTTGTGCACCTG,ATAGTAACCTATATGGTATAGT,GCTCCTACTGCCA,TCCCTGATTCTATCATGAATAG
ZpDL_NjB,ZpDL_001F,ZpDL_003R,ATCCGGTCGGAGA,ATAGTAACCTATATGGTATAGT,GTAGCCTATGGCG,TCCCTGATTCTATCATGAATAG
ZpDL_NNWra,ZpDL_002F,ZpDL_003R,CTGAGGTGATCAG,ATAGTAACCTATATGGTATAGT,GTAGCCTATGGCG,TCCCTGATTCTATCATGAATAG
ZpDL_Ljyb,ZpDL_003F,ZpDL_003R,AGTGTCCTGCTAG,ATAGTAACCTATATGGTATAGT,GTAGCCTATGGCG,TCCCTGATTCTATCATGAATAG
ZpDL_Nc,ZpDL_004F,ZpDL_003R,ATAAGCAATTCGA,ATAGTAACCTATATGGTATAGT,GTAGCCTATGGCG,TCCCTGATTCTATCATGAATAG
ZpDL_QS2b,ZpDL_005F,ZpDL_003R,ATCTAACAGGACC,ATAGTAACCTATATGGTATAGT,GTAGCCTATGGCG,TCCCTGATTCTATCATGAATAG
ZpDL_QFb,ZpDL_006F,ZpDL_003R,CATTATATAGCCA,ATAGTAACCTATATGGTATAGT,GTAGCCTATGGCG,TCCCTGATTCTATCATGAATAG
ZpDL_ZJb,ZpDL_007F,ZpDL_003R,CCTGATTACGTAA,ATAGTAACCTATATGGTATAGT,GTAGCCTATGGCG,TCCCTGATTCTATCATGAATAG
ZpDL_OPxOe,ZpDL_008F,ZpDL_003R,CTAATACACACCG,ATAGTAACCTATATGGTATAGT,GTAGCCTATGGCG,TCCCTGATTCTATCATGAATAG
ZpDL_small,ZpDL_009F,ZpDL_003R,TTATGACCGTTGC,ATAGTAACCTATATGGTATAGT,GTAGCCTATGGCG,TCCCTGATTCTATCATGAATAG
ZpDL_spd1,ZpDL_001F,ZpDL_004R,ATCCGGTCGGAGA,ATAGTAACCTATATGGTATAGT,GTTAGACAATACT,TCCCTGATTCTATCATGAATAG
ZpDL_spd2,ZpDL_002F,ZpDL_004R,CTGAGGTGATCAG,ATAGTAACCTATATGGTATAGT,GTTAGACAATACT,TCCCTGATTCTATCATGAATAG
ZpDL_DzkR,ZpDL_003F,ZpDL_004R,AGTGTCCTGCTAG,ATAGTAACCTATATGGTATAGT,GTTAGACAATACT,TCCCTGATTCTATCATGAATAG
ZpDL_PLT,ZpDL_004F,ZpDL_004R,ATAAGCAATTCGA,ATAGTAACCTATATGGTATAGT,GTTAGACAATACT,TCCCTGATTCTATCATGAATAG
ZpDL_StR,ZpDL_005F,ZpDL_004R,ATCTAACAGGACC,ATAGTAACCTATATGGTATAGT,GTTAGACAATACT,TCCCTGATTCTATCATGAATAG
ZpDL_PzRLsB,ZpDL_006F,ZpDL_004R,CATTATATAGCCA,ATAGTAACCTATATGGTATAGT,GTTAGACAATACT,TCCCTGATTCTATCATGAATAG
ZpDL_Zp3-A,ZpDL_007F,ZpDL_004R,CCTGATTACGTAA,ATAGTAACCTATATGGTATAGT,GTTAGACAATACT,TCCCTGATTCTATCATGAATAG
ZpDL_HlLR,ZpDL_008F,ZpDL_004R,CTAATACACACCG,ATAGTAACCTATATGGTATAGT,GTTAGACAATACT,TCCCTGATTCTATCATGAATAG
ZpDL_SASR,ZpDL_009F,ZpDL_004R,TTATGACCGTTGC,ATAGTAACCTATATGGTATAGT,GTTAGACAATACT,TCCCTGATTCTATCATGAATAG
ZpDL_LKr,ZpDL_010F,ZpDL_004R,TTCTCGGCCGCAT,ATAGTAACCTATATGGTATAGT,GTTAGACAATACT,TCCCTGATTCTATCATGAATAG
ZpDL_NGS,ZpDL_011F,ZpDL_004R,TTGGCGGTAAGAA,ATAGTAACCTATATGGTATAGT,GTTAGACAATACT,TCCCTGATTCTATCATGAATAG
ZpDL_QMg,ZpDL_012F,ZpDL_004R,ACTTGTGCACCTG,ATAGTAACCTATATGGTATAGT,GTTAGACAATACT,TCCCTGATTCTATCATGAATAG
CypDL_RF,CypDL_073F,CypDL_001R,TCTAAGGAGTTAT,CATRTATGTATWATCACCA,GCGACAAGCACCG,STGTCCCTGATTCYATCAT
CypDL_HL,CypDL_074F,CypDL_001R,TCTATCTCTCGCT,CATRTATGTATWATCACCA,GCGACAAGCACCG,STGTCCCTGATTCYATCAT
CypDL_Dapo,CypDL_075F,CypDL_001R,TGTGAAGTTGCCA,CATRTATGTATWATCACCA,GCGACAAGCACCG,STGTCCCTGATTCYATCAT
CypDL_Bie,CypDL_076F,CypDL_001R,TTACCATTCCTCA,CATRTATGTATWATCACCA,GCGACAAGCACCG,STGTCCCTGATTCYATCAT
CypDL_spd1,CypDL_077F,CypDL_001R,AGATTCTACACAA,CATRTATGTATWATCACCA,GCGACAAGCACCG,STGTCCCTGATTCYATCAT
CypDL_PLzxl,CypDL_078F,CypDL_001R,ATGCGATTAATTG,CATRTATGTATWATCACCA,GCGACAAGCACCG,STGTCCCTGATTCYATCAT
CypDL_KKK1,CypDL_079F,CypDL_001R,CCGTAGTGTTGAT,CATRTATGTATWATCACCA,GCGACAAGCACCG,STGTCCCTGATTCYATCAT
CypDL_LLR,CypDL_080F,CypDL_001R,CCTGTACCATTGT,CATRTATGTATWATCACCA,GCGACAAGCACCG,STGTCCCTGATTCYATCAT
CypDL_YTR,CypDL_081F,CypDL_001R,GGCTGTTACAACA,CATRTATGTATWATCACCA,GCGACAAGCACCG,STGTCCCTGATTCYATCAT
CypDL_XwR,CypDL_082F,CypDL_001R,GGTTCAATGACGC,CATRTATGTATWATCACCA,GCGACAAGCACCG,STGTCCCTGATTCYATCAT
CypDL_XkB,CypDL_084F,CypDL_001R,GTCCAACTTCAGT,CATRTATGTATWATCACCA,GCGACAAGCACCG,STGTCCCTGATTCYATCAT
CypDL_NpB,CypDL_085F,CypDL_001R,GTCCAGGCCTTCT,CATRTATGTATWATCACCA,GCGACAAGCACCG,STGTCCCTGATTCYATCAT
CypDL_CHR,CypDL_086F,CypDL_001R,GTGACGCCGTATT,CATRTATGTATWATCACCA,GCGACAAGCACCG,STGTCCCTGATTCYATCAT
CypDL_FlR,CypDL_088F,CypDL_001R,TGGACATGGCATT,CATRTATGTATWATCACCA,GCGACAAGCACCG,STGTCCCTGATTCYATCAT
CypDL_BbR,CypDL_089F,CypDL_001R,TGGTGGTCATTCA,CATRTATGTATWATCACCA,GCGACAAGCACCG,STGTCCCTGATTCYATCAT
CypDL_CpP,CypDL_091F,CypDL_001R,TTCCGCGGCATAG,CATRTATGTATWATCACCA,GCGACAAGCACCG,STGTCCCTGATTCYATCAT
CypDL_GfSP,CypDL_092F,CypDL_001R,ACAACCATTGGCA,CATRTATGTATWATCACCA,GCGACAAGCACCG,STGTCCCTGATTCYATCAT
CypDL_SktR,CypDL_093F,CypDL_001R,AGCCTAGCCAACT,CATRTATGTATWATCACCA,GCGACAAGCACCG,STGTCCCTGATTCYATCAT
CypDL_DsXlR,CypDL_094F,CypDL_001R,ATAATCGAGGCTT,CATRTATGTATWATCACCA,GCGACAAGCACCG,STGTCCCTGATTCYATCAT
CypDL_NNWra,CypDL_095F,CypDL_001R,CTGAGTCAGAAGT,CATRTATGTATWATCACCA,GCGACAAGCACCG,STGTCCCTGATTCYATCAT
CypDL_SYR165,CypDL_077F,CypDL_002R,AGATTCTACACAA,CATRTATGTATWATCACCA,GCTCCTACTGCCA,STGTCCCTGATTCYATCAT
CypDL_NjB,CypDL_078F,CypDL_002R,ATGCGATTAATTG,CATRTATGTATWATCACCA,GCTCCTACTGCCA,STGTCCCTGATTCYATCAT
CypDL_OPxOe,CypDL_082F,CypDL_002R,GGTTCAATGACGC,CATRTATGTATWATCACCA,GCTCCTACTGCCA,STGTCCCTGATTCYATCAT
CypDL_spd2,CypDL_083F,CypDL_002R,GGTTCCTGCACTT,CATRTATGTATWATCACCA,GCTCCTACTGCCA,STGTCCCTGATTCYATCAT
CypDL_CNlake,CypDL_084F,CypDL_002R,GTCCAACTTCAGT,CATRTATGTATWATCACCA,GCTCCTACTGCCA,STGTCCCTGATTCYATCAT
CypDL_DzkR,CypDL_085F,CypDL_002R,GTCCAGGCCTTCT,CATRTATGTATWATCACCA,GCTCCTACTGCCA,STGTCCCTGATTCYATCAT
CypDL_PLT,CypDL_086F,CypDL_002R,GTGACGCCGTATT,CATRTATGTATWATCACCA,GCTCCTACTGCCA,STGTCCCTGATTCYATCAT
CypDL_Zp3-A,CypDL_088F,CypDL_002R,TGGACATGGCATT,CATRTATGTATWATCACCA,GCTCCTACTGCCA,STGTCCCTGATTCYATCAT
CypDL_SASR,CypDL_089F,CypDL_002R,TGGTGGTCATTCA,CATRTATGTATWATCACCA,GCTCCTACTGCCA,STGTCCCTGATTCYATCAT
CypDL_LNsdB,CypDL_094F,CypDL_002R,ATAATCGAGGCTT,CATRTATGTATWATCACCA,GCTCCTACTGCCA,STGTCCCTGATTCYATCAT
CypDL_NZG,CypDL_095F,CypDL_002R,CTGAGTCAGAAGT,CATRTATGTATWATCACCA,GCTCCTACTGCCA,STGTCCCTGATTCYATCAT
CypDL_Youluo,CypDL_096F,CypDL_002R,GATAGGCGCCTTG,CATRTATGTATWATCACCA,GCTCCTACTGCCA,STGTCCCTGATTCYATCAT
